speed,gps_latitude,gps_longitude,lidar_distance,collision
44.9448142616835,10.09256646441931,106.13085284186795,33.962446716236,0
114.08571676918994,10.27095047368918,106.123489399536,40.037388462377244,0
87.83927301736861,10.436472917938204,106.45312729026053,13.27292704083245,0
71.83901810364439,10.36611244320478,106.12477309992475,31.618830880742948,0
18.722236853092383,10.403280573930726,106.13597486306432,29.015553174043685,0
18.719342440344317,10.32939168335536,106.37969913120898,41.808688462625284,0
6.970033460183935,10.346138282258925,106.22486992122526,45.398265963581764,0
103.94113749299223,10.42459782578266,106.38835527847759,1.5956818023919537,1
72.13380140918505,10.124834004429593,106.0326830787822,34.02697603388084,0
84.96870933552546,10.244712481821571,106.24378559683669,3.539954156866722,1
2.4701393154962936,10.110604720909802,106.01680680009164,27.89407458879044,0
116.38918225943932,10.493834003998323,106.03132660172767,15.094003723140233,0
99.89311689605061,10.472029669843307,106.4532187266722,16.03205337658492,0
25.480693281393137,10.019713405684254,106.0696226855588,18.294966669165472,0
21.818996064852072,10.352787586257843,106.26621034113761,31.443330003430894,0
22.00854118241206,10.462624158707833,106.20554780130036,17.36844831776969,0
36.50906915514453,10.090287672563667,106.17367166312943,36.90225347892374,0
62.970771795868544,10.283972615276316,106.44991667284364,20.821841893119615,0
51.83340223705389,10.45774414879402,106.01091169838774,4.349306815187973,1
34.94749682376503,10.0169729892929,106.3318948430878,39.40423228172126,0
73.42234736668554,10.34871013362342,106.48169721710677,15.002157905042594,0
16.73926327824502,10.148674503686275,106.28008409173093,22.20557710036387,0
35.05735782422618,10.462198097688265,106.46841123101655,34.58675027787317,0
43.963421195243,10.485529122582683,106.02612893964302,17.290351700286887,0
54.72839810604431,10.472133244556717,106.20939665953708,3.7726971511890657,1
94.22111536716163,10.237107108328733,106.13007889548102,19.322131303627867,0
23.96085385900317,10.431021325494656,106.36541048249036,47.27798055202087,0
61.708132609633395,10.422274699267534,106.49064854524862,32.44498546762935,0
71.0897482634451,10.159550236621628,106.12826503122213,33.90247828469314,0
5.574049526399727,10.414457737075338,106.32708730073703,31.981825528244354,0
72.9053822281726,10.018503817357747,106.09904881637986,10.750614809012403,0
20.462894842474984,10.298134939241027,106.28266512728581,21.498359341011728,0
7.806191158233542,10.115004418643851,106.23196624334417,37.796050119802594,0
113.86626447039998,10.06028344288864,106.48600266481577,5.967271980104798,1
115.87584396894712,10.038476600814604,106.30426363634824,14.614786028395901,0
97.00768177397534,10.34814438793907,106.1747531860434,14.539636314826828,0
36.55365230080448,10.169937481884032,106.05704789244396,22.168927452130795,0
11.720653680766064,10.36238338576438,106.07562341436747,49.03806830616707,0
82.10796318145883,10.032678170399471,106.11265846497562,4.307624787507275,1
52.818299248752155,10.157645168915305,106.12548333067015,26.416348724649158,0
14.644588181373459,10.269745646187669,106.42530802892057,9.788869418598312,0
59.42122921335242,10.395361582419481,106.28061139414126,48.56315072507746,0
4.1266225338262075,10.159376251466036,106.26169545568719,6.551871731645746,0
109.11844824945385,10.312945688218505,106.05738443593461,20.77644911571797,0
31.05359779200203,10.442988874118093,106.43006984667471,37.156364256895706,0
79.50267412247784,10.307931594091153,106.36140715160424,35.52316697334482,0
37.405329130729314,10.116479737376817,106.03383418095,21.71370320780268,0
62.4081625413373,10.012200390778268,106.35391754861489,17.979684229683194,0
65.60523352119355,10.435049436950464,106.27176910867132,20.483006549090657,0
22.182534663063244,10.010634705425193,106.04086267287339,13.949536894773324,0
116.35015533174703,10.4373508363421,106.22915032076433,11.06131399663319,0
93.01593880333374,10.264468567013607,106.24234814356502,24.66894518038561,0
112.7398729877027,10.469533849256448,106.08288727008164,14.15815404731276,0
107.37928205131786,10.399391617886833,106.47284907350014,15.085621579965256,0
71.74799745733021,10.498967055266668,106.42498768574033,33.181047110253296,0
110.62490820277402,10.175355907725855,106.33451116866455,48.45832925329472,0
10.619100246230339,10.383594144465564,106.23114778050031,30.57822282740938,0
23.517943490297423,10.20096545680462,106.20588277079226,4.771993886183347,0
5.427274669264568,10.239937810151954,106.32548673357547,4.703597078849282,0
39.039639691591724,10.313752731609185,106.27271593470346,47.619737821432736,0
46.641274762737844,10.43683855709317,106.03113655294094,15.567248725059347,0
32.56188381286751,10.492041734599647,106.25625132438516,5.511282318041296,0
99.44850109823152,10.384136706932258,106.40320180861642,30.353184770368696,0
42.810399203230716,10.208883391083667,106.22961993879848,31.55879013622304,0
33.71214116248569,10.210678501138535,106.02597828877714,32.77673618581572,0
65.12352997898982,10.368791150794445,106.39313909969202,14.102699365019523,0
16.91090699697152,10.119388572884152,106.10068189106799,1.7404235265092767,0
96.26363769048476,10.055237056565698,106.12931041744402,48.28575310326912,0
8.9460772415725,10.177311078820388,106.08235317671615,13.293759238864022,0
118.42643239206208,10.143619495827041,106.16510753243575,34.12528811457483,0
92.66937231559889,10.148154060227995,106.37837575284432,35.62486362405677,0
23.84588178410069,10.116803875524955,106.25969292975196,30.8903634368948,0
0.6626540548322879,10.02104659481818,106.10244063707536,16.332462316468764,0
97.8553714145801,10.008936967366706,106.43891503907602,14.283716434439222,0
84.82288126171406,10.493861194868016,106.43979092747577,30.285745852432452,0
87.48086016491848,10.21388656686793,106.435289212523,43.43868604697288,0
92.5524416023135,10.192163323579841,106.11939810569076,47.38995271724638,0
8.885358208090842,10.339823641346534,106.22561967209049,6.189384415784124,0
43.01588742531271,10.109126943932532,106.49249482807043,8.586602017288273,1
13.904287143015566,10.474980591975113,106.38600623815499,47.292076680370904,0
103.57241110507123,10.393172507207776,106.01358371061278,37.090226188404834,0
74.79577521930695,10.04470550115613,106.03260229563024,44.26669741665888,0
39.7077629823179,10.208790387892464,106.23196568840616,10.928999072631814,0
7.627002034322836,10.439559153781083,106.45461010293079,29.79170768436069,0
37.317878605879464,10.472366011145706,106.26935089897636,35.35584012645621,0
39.02199864320964,10.233700755624934,106.24890625401714,34.32548238690166,0
87.55274140056768,10.306705694605354,106.05273684997832,20.999432852468207,0
76.50689656262557,10.083516973046038,106.32839005236215,1.7543496928741154,1
106.46552910915918,10.495584313068488,106.41105158030011,29.56337678340889,0
56.66579101943392,10.115835850691722,106.19021000375378,13.401975419800829,0
14.351309512596204,10.471365887067563,106.38780592546266,23.062458061001628,0
85.5893744667594,10.324823324496185,106.48223832695041,47.921469739107046,0
91.2942058340277,10.30386839743943,106.10188322956384,20.5527305644793,0
67.35326370833955,10.256344255508255,106.26166481559737,42.150278726556905,0
92.51606159454732,10.11533490585888,106.14356897904229,10.238489681713306,0
59.255471563726886,10.088264016002753,106.39642720951692,33.950564403226416,0
62.72793952583929,10.110243104535087,106.28879668294059,48.87334076750823,0
51.30492220302595,10.093219131072127,106.31729120877515,5.992761942773903,1
3.0502952092914226,10.389792236783377,106.39895707980794,1.4076771691324086,0
12.946971239196534,10.175062629583365,106.19798523633122,22.2455568389981,0
3.77150228240811,10.028921338281698,106.45754503420352,5.538648669516992,0
76.36924935165365,10.484551315070405,106.26651443362307,37.670833134135336,0
37.7227177291592,10.441892942481713,106.07897741141767,45.81288452857939,0
61.02848293976433,10.463876141597606,106.3479495590844,22.267027662729184,0
108.90797687113117,10.497453911323218,106.39663067521913,13.676870465616608,0
29.915067497864992,10.086947624609744,106.15838083853376,22.28576263132388,0
49.24595076427557,10.198121009451329,106.42858962849938,36.448943074650046,0
90.66613662516585,10.379119237852045,106.45307162738288,1.443653917438178,1
27.455779858994696,10.348010309026897,106.1384522436889,29.883245484750162,0
9.23758917945516,10.076947953169928,106.4917607363576,31.051292559481574,0
34.770174349652166,10.40791656249531,106.07035576402438,32.24672409790084,0
19.34655447048053,10.11222028591833,106.10100783420124,12.859081919062984,0
111.56371828110876,10.11190880741131,106.09211241961901,35.988583445528214,0
96.97444554773003,10.268487211446708,106.44699485500394,5.478182830257044,1
76.00845078125081,10.296469967420851,106.32714627616248,10.76424648687324,0
104.57527082252612,10.290043103918906,106.07605214161114,43.996032286069614,0
96.44064922789373,10.045743418698878,106.22016170918417,37.19743438560175,0
22.3884070663243,10.43873043131519,106.3076490125349,1.6735321465559174,0
107.10707981879733,10.132800021294353,106.04173204249469,13.17043675812021,0
64.72106902987808,10.064757460641403,106.44120818420367,11.505917666665063,0
96.8928186196875,10.44437403993449,106.40180176772077,14.269510073811656,0
107.5309559908192,10.477825749114876,106.25260338678832,13.130428743714434,0
38.16041699662367,10.431063808632725,106.48356330762958,4.063788491399441,0
13.206230943321211,10.40475803736244,106.20888048963755,23.488085313244195,0
27.352219505033002,10.327620990319511,106.49205515951824,36.90394026452209,0
51.25293463515076,10.27542868530457,106.33395999940181,30.729854511154386,0
98.16177191069917,10.043493379955706,106.31733563662696,33.97071176130591,0
103.28766999076122,10.20422660653535,106.08297744764789,4.976309748275718,1
0.8342556637428844,10.186344258506157,106.44096387915232,47.623044798662576,0
61.289676309307886,10.129876891880164,106.21374484396031,42.086099858308216,0
50.08932037785348,10.361710056844293,106.08111670289124,40.44942560628747,0
26.65293725648763,10.247937867539385,106.00630375998787,41.32620644704661,0
14.383844080041936,10.040523107953824,106.27987784181919,46.70281489850531,0
40.51382056843536,10.110091600974906,106.26369981106134,27.668444339571188,0
113.1491644695023,10.341629381829797,106.35967681118458,10.813818875513668,0
38.78435184249063,10.03806542974515,106.4451290265089,31.222396784774517,0
62.25487460920393,10.425603457024385,106.03970329232152,37.40119318972901,0
84.36227506742134,10.247573263506988,106.36574824517018,37.157952274347245,0
43.635552285515274,10.240293288663324,106.0937059720488,26.551002184177126,0
116.61384992651529,10.296203892329759,106.42908852657858,4.354477247345325,1
115.49367539305335,10.412340482962575,106.40953175693083,19.184533983076264,0
30.2138754990437,10.173904603951097,106.27039687749277,46.11756381470451,0
59.66982070708625,10.339008076279532,106.35512139931166,29.637996578113874,0
36.10539717801236,10.282865981997896,106.15717505659187,27.378265219529958,0
34.18085932529611,10.133514135084711,106.2355839494664,14.173822204727482,0
4.426433682543935,10.439314993177579,106.41081844885524,19.053997075912367,0
73.14772007758762,10.398713010803464,106.2296325985866,44.8719583685053,0
60.32148278746338,10.329225917329213,106.17889913266272,33.65668932881495,0
6.177450149998722,10.42529086454712,106.24710622362515,39.58196431086431,0
33.437575708393375,10.4336471004799,106.41412462621861,23.2629257303151,0
108.99190631599845,10.354181488357517,106.16760402368544,31.88211375335174,0
28.74742688003669,10.418506664181836,106.08688079656787,13.170796828417169,0
17.38738465094677,10.348735730834642,106.35600701016538,35.567580683890824,0
58.734331233307564,10.34007038588015,106.41298910635405,21.952465351463527,0
118.27805449327208,10.309305689107592,106.05031873926177,22.684730225922532,0
29.04663258138005,10.37635831977882,106.11993705637798,32.8167939042672,0
80.65626568870543,10.079302552646537,106.0709859948805,46.877750451977406,0
91.39435383944611,10.440435379599464,106.17397070579108,4.136310983822425,1
28.51650527908796,10.435921763872615,106.22517548945271,41.41241863000337,0
87.38596183342315,10.014623641517279,106.37441316848165,15.326772410197462,0
44.133975926310384,10.412908375282381,106.32557379244084,22.752053270812514,0
75.87669967122953,10.064434933736722,106.31046428373922,2.073753109975439,1
76.02356529130736,10.167559427129572,106.17618747330482,15.751257813881338,0
64.29296208897102,10.371754128145804,106.42072377654237,25.628930888876393,0
10.834772406528996,10.080379948024154,106.23564358369909,3.7526277900245115,0
100.23629947070856,10.408983512059532,106.48955246900758,25.063690739775094,0
38.4936077966083,10.41606708897887,106.31707106914787,46.42842081406294,0
22.382221247982507,10.253733866880419,106.06313237078226,6.1642676872824556,0
4.89301698657167,10.003192935858417,106.33808878103771,38.457595675699714,0
70.90715318258901,10.143519066587457,106.16255200771585,21.073881615423637,0
81.30772342107389,10.308463459187871,106.34316359834305,33.103512011692565,0
1.9905394713427382,10.490593089013712,106.03482057408121,13.75159330127624,0
61.45116699591372,10.315906763508334,106.08744071858798,8.815120864526556,1
27.179493023752556,10.12990179053208,106.42786862945289,8.862668099290095,0
77.42073484913398,10.317002851549805,106.11358977851175,4.454105336514088,1
20.923971480598972,10.269992689857927,106.41852056262147,10.096688540160908,0
82.91252857229591,10.389922697575571,106.13963804422721,33.54674986445944,0
46.40824155606449,10.053490319413479,106.32144095502936,44.202839980331895,0
112.40759864840814,10.380513951251015,106.34707528675492,40.89215859396693,0
16.50251329751919,10.270633289338056,106.25632737657253,34.57158118384972,0
40.92796212603102,10.481496001929496,106.15265533834837,6.411161307144031,1
13.616822548870688,10.170936083019344,106.10632218818554,15.170184868501542,0
110.96323419342754,10.316310946566974,106.01659467728122,16.18053689080098,0
105.28072240571773,10.466014052755009,106.15197320062036,13.24789037348344,0
30.952995325818673,10.05125486399534,106.32658139526563,26.235277325776433,0
79.19808552410149,10.468614243618225,106.46915240922424,27.242136929103957,0
98.0666640241459,10.343942861150406,106.43560224113152,18.4874127833844,0
66.62409739193548,10.033918529552587,106.38303238826765,18.335668778085363,0
63.558069402720776,10.150481783473408,106.39422367162665,41.59922429739799,0
29.0222749080542,10.35408604432264,106.33249245173799,39.6753495676646,0
11.172332136707904,10.033675300734386,106.130143428783,16.081995752356537,0
107.66589095439922,10.291085230088136,106.45359751535291,45.775633749789705,0
108.05016685959966,10.172941528476478,106.33536615595291,47.68793583312279,0
75.97217487279215,10.31045775888374,106.28022031549023,17.010384559472,0
40.683574925844084,10.022871016906256,106.05549473460674,18.36682249085969,0
41.90514895351931,10.435768403076189,106.2235277719032,25.776073517675982,0
87.11468146442873,10.486744484588698,106.23017913560096,47.11491981415,0
107.65323119430926,10.484438927642845,106.43228180476133,43.93965222397326,0
106.45037091181408,10.374825915871462,106.2733241100939,6.025830166595901,1
93.58506550291486,10.065043120065315,106.1902002744852,20.243806420299393,0
77.04379753851453,10.379131597964511,106.48840016425532,28.115188297738822,0
10.09679579940586,10.0122934582294,106.05536029666315,25.653491155025463,0
19.39544569135365,10.0110617757645,106.21127421415598,10.49929032890774,0
107.82650262324951,10.16180510957477,106.0210123375857,43.08202178723958,0
72.7714871591508,10.244321595202333,106.36995206038347,34.17009836684503,0
1.1036461939955577,10.385203708903896,106.45903827609958,42.057510367738374,0
12.176585143923852,10.341647688303253,106.14001866477524,43.079449688124136,0
79.6202122929667,10.222951353188375,106.42917083839956,37.66943682962125,0
0.6073900615462424,10.136813333140832,106.14610911523094,22.52131946123615,0
19.29696617009984,10.498562250078855,106.45538508082196,30.916790995755804,0
65.84805472399033,10.213090651117987,106.37698095179839,8.857904899867414,1
83.02742372312319,10.225693512164838,106.40245338842072,34.00862545627048,0
78.23535114031206,10.081811910595835,106.00900327780023,9.783409531224757,1
26.912317135267173,10.397404774374964,106.48140517853702,35.00352993499769,0
85.4615065617043,10.346841112890745,106.36333549603516,12.250309876944465,0
28.469890499616007,10.11038480639438,106.15237554769307,6.760013707360779,0
39.04796377911212,10.041190522807922,106.41469733242943,9.098940017004914,0
89.5789686141629,10.340249651037357,106.14076059920747,1.097614625734443,1
77.95594788566576,10.327255607140568,106.43637691978306,36.21824127482298,0
101.90680925930135,10.136629763499105,106.05629019520597,36.88765140386057,0
78.9135470760412,10.475431781125206,106.3518429887304,26.231734145749712,0
68.19703240025659,10.07552894589045,106.27034923832245,8.906777251713802,1
11.240972139371097,10.2161674005213,106.04826723509773,5.094162538023798,0
44.12589636713202,10.4718079600838,106.12094691412942,1.9373193554270633,1
31.824284121807054,10.20986365846306,106.00620201813865,9.121660671295814,0
29.27875720549003,10.319262973832043,106.23438398273225,44.65192121417419,0
116.76126657029347,10.198797198981397,106.15063263038,12.835305243382408,0
47.17172696001125,10.137107601174336,106.29917874214888,18.359295033643566,0
107.04558662125359,10.491988823979915,106.14861890385431,6.161928739585326,1
75.73663511967155,10.204667003157521,106.1499595557535,11.895703932660345,0
95.37735642499781,10.447049601839566,106.3715965993658,26.44200396823005,0
60.316451172623054,10.114977302945544,106.02407141798918,30.779881471686977,0
69.22846615516309,10.106552352012542,106.45144749759599,13.022263394144343,0
59.10212325826367,10.015567041442255,106.42613193719559,3.828875802030743,1
23.42915853576534,10.325833412687942,106.3339023416132,20.160610587242534,0
86.69425383138064,10.18426317186188,106.29661078505369,12.475965175390373,0
33.692683492902695,10.432179124919818,106.44615124906983,11.758142238260294,0
2.9179159717744607,10.236604953345779,106.09266508976435,48.03327733295931,0
77.45667550886014,10.48409671395736,106.03948458109541,31.19872381036048,0
21.253281528845875,10.09276275785156,106.11975508495478,28.2870437154327,0
112.85503012234972,10.434311583977806,106.3972891393501,21.372980072642775,0
114.47142924031048,10.38829842639587,106.01733513336325,22.018272338077068,0
109.78372682645383,10.385460922322025,106.29140341754174,27.50434518806596,0
44.419044030653325,10.422391614058444,106.49771875809566,35.125060544769255,0
1.8547939834640914,10.3805119954715,106.42784804691877,35.40515871290964,0
111.39822751052705,10.313110160815707,106.2607228445218,9.413001477567029,1
51.38209779807772,10.065622438841194,106.03182045464332,25.50552485175472,0
115.99857828524034,10.016263089745626,106.41568675719286,21.185946656670996,0
115.63439725071034,10.460423923907843,106.2994892540886,43.655821347199826,0
102.36113465608321,10.308325157260368,106.05746649852978,31.939527139700445,0
35.333867048350285,10.398268645488088,106.04692864241167,27.09269925438311,0
46.21172743223103,10.240761175756274,106.4548134097183,6.654337466766951,1
102.13640058202283,10.058654094481197,106.33460013146905,30.676256576847162,0
38.03064061875332,10.062592896101275,106.41464339965837,6.742991378331437,0
20.3391296023311,10.342782643614486,106.43948945014114,17.52312220272185,0
66.81615149500202,10.215152947449731,106.28588617602416,7.999256275902262,1
112.33857289929372,10.100262363350168,106.25872317587752,34.91160870419408,0
83.52357560099676,10.245797273370718,106.2152137051605,11.106353577971477,0
68.40734041072379,10.032104468537566,106.15847329389555,20.201109286213274,0
11.661179252492225,10.290985700957199,106.21729798042935,44.888064103320154,0
73.80086720390037,10.134496702217549,106.38693982786508,11.011502786549544,0
118.80646201251159,10.398779550318594,106.30096171550757,25.882448133980176,0
16.810081828382884,10.155180979461786,106.44626164497743,21.54431139713508,0
62.19955828364841,10.2276100745409,106.2216900071896,1.888078011240757,1
105.28476863135465,10.00581026995405,106.30354478935938,39.845147565067826,0
88.89223413050453,10.03622344389728,106.315653776546,4.383249409415386,1
83.64188891943216,10.196246778203342,106.29584858115317,24.238496027870728,0
84.29809007845311,10.239969417358562,106.35131688654276,28.473236452008546,0
43.13893814637062,10.300010274059652,106.1187167341874,31.792896374114765,0
35.231021311739205,10.145831289354652,106.2561818887729,34.742949836085906,0
97.12333865742164,10.34749094306327,106.05211240140417,13.410346792613039,0
97.21360736150169,10.430061198594602,106.19225566382241,1.4889600562640193,1
104.04867822961245,10.389925494446675,106.24383353431064,36.44873945539069,0
109.58886630677655,10.019809412674178,106.32611212977274,27.24717336803135,0
61.361087863312534,10.240253473628915,106.4752655262931,41.96976745715519,0
60.18195536246395,10.052465089209088,106.30032553327418,41.24802978213402,0
95.79542147601302,10.121022507931263,106.37179695808828,42.322982221606274,0
77.99567169333181,10.493331296633574,106.2531330297476,24.769638338997467,0
84.2360252709244,10.071247771450757,106.31705201568816,17.347791396006418,0
95.49512033233212,10.249444076725679,106.03546610806688,39.78635192697713,0
106.80064101810795,10.30907786715906,106.12719579042093,23.113411538433493,0
40.5594188221843,10.351232485272051,106.18092654660256,9.988667623768292,1
45.06995431679328,10.279824341743456,106.23624667750326,42.89372695851224,0
11.27783278090428,10.004885423709592,106.02282437275119,44.245433961845016,0
69.39361691954088,10.163230654121996,106.07001204877666,23.849178050868336,0
4.31307285560905,10.258855821692356,106.13840715389566,4.709286638179586,0
55.87176217589522,10.043933249572417,106.48576634545053,20.00347840592963,0
65.1173561649092,10.17531346560459,106.16567350355153,40.37334531366756,0
34.38495025539413,10.016601554395683,106.24102052905604,45.18692739876521,0
70.8999912682813,10.03928924857751,106.0980488563692,10.970164382382196,0
3.6600299926859314,10.198461638100799,106.30539003553788,4.281706989238304,0
4.48178264990573,10.066357877021531,106.14034160775799,43.9901722035091,0
98.71206727915899,10.283770424130779,106.10349628921921,20.08084200996489,0
43.222876969351546,10.344732484568633,106.25828631422299,27.5462872491106,0
15.247261518226175,10.400293349554541,106.00275289958022,48.43522479048719,0
62.66919120657653,10.100075122122405,106.00383201632461,4.26167166779692,1
92.3992263718333,10.083741291129535,106.10953440455093,32.767582365152684,0
25.898523299621182,10.0522839201672,106.01836068125041,4.6311657061684866,0
74.74685709828003,10.318215124771818,106.05401287706535,19.39797749485852,0
10.24169579925216,10.35323786324345,106.16943032466938,40.38691271447889,0
6.201806540232924,10.015793072412821,106.4012928397899,22.240139405026085,0
63.76255578817776,10.468106123121846,106.28602432168465,49.86193534124457,0
64.87621459321278,10.025985641825736,106.25633386297821,28.393904962383505,0
76.49158817978478,10.270648167650535,106.14674441160406,16.73694547916172,0
87.13096004671938,10.354530259725458,106.4658768597164,11.785454969332903,0
117.10224953550416,10.435484561873043,106.19850752061859,18.17550618002193,0
61.95604179614344,10.357043466066214,106.04354638339788,19.25413041421799,0
38.75477675294952,10.400864041534897,106.3085332580589,4.366970208474088,0
95.42234337224444,10.169725096271403,106.0569191967383,19.109135771911884,0
32.4998701514489,10.407412556873256,106.17261157140085,23.747687467222022,0
52.67657048467633,10.040057423192337,106.2537059693589,36.414149859701425,0
9.414765761071916,10.447408328030264,106.43711126234258,33.17974475135879,0
3.0420892098549013,10.273796188076869,106.24677329017005,35.729517106228556,0
115.517809761351,10.408648884981247,106.35112938301583,1.4098204119659978,1
100.3176144614647,10.22615914225915,106.49640841949953,11.665702579446267,0
83.51690473124376,10.321788847598263,106.065744559949,33.42253013159297,0
49.07435332971239,10.263201330468057,106.13736576275976,24.715479040807608,0
20.795318408501494,10.365794760877666,106.19728803779883,1.2603603077489514,0
18.772445120530325,10.040814991015294,106.21091408926941,40.4202374791593,0
30.02914777975144,10.030176041995283,106.20551053763278,38.86766909122653,0
65.90719976473446,10.123551617005074,106.45380550127828,27.872538986684567,0
85.75151072400747,10.079772340056595,106.35701632223343,4.256702963037334,1
79.22368520612775,10.435891783296102,106.30395260704535,38.55923742709665,0
33.59206763351314,10.109606993679023,106.15468635893139,29.601965798836833,0
114.5838336795833,10.487932627909565,106.41189519211065,39.31603888074,0
88.54763000349222,10.168447895885553,106.4775302557425,37.83560262739618,0
66.52248630136808,10.09105895784435,106.41059914127511,40.34710152593402,0
73.40648954812227,10.39484925357124,106.00078255259574,26.382395253826616,0
50.35200749133479,10.329353887750438,106.31820068509171,7.875901391482235,1
29.727718740138897,10.24909785822657,106.02556769072105,33.88671619560475,0
42.71672143815139,10.277681775468816,106.12880361016686,31.40321546754656,0
90.9415332557243,10.359600889136132,106.02976235017388,37.370406172755274,0
1.7272186355707042,10.114227370665649,106.30189772647469,9.32416929648603,0
13.928716860829947,10.49816695802837,106.3432949567463,10.553784795114172,0
5.52031704261033,10.48739658107339,106.05724381903295,44.630066343747096,0
4.887456278276416,10.325162843173468,106.19191944152249,37.74891212415147,0
102.65527008132086,10.099771225464572,106.22811825447778,45.50319594631582,0
84.43894312560285,10.340114121215645,106.18452651088046,38.17705073703211,0
56.90085949047902,10.036099204489588,106.0605125002426,30.260609993524792,0
11.740099278120177,10.015326251102904,106.20947389509374,33.05250411436581,0
58.99390501401988,10.128841444255606,106.37558902390421,44.567268273060485,0
56.81661249366788,10.231311478369658,106.03550383226663,29.361530971085084,0
20.78422438920182,10.43413625270419,106.04009000704094,31.987174892090984,0
52.06219790855676,10.363584534883154,106.177385645918,8.667359084176429,1
47.820568127684815,10.37135326059999,106.47086285580946,24.222139785689034,0
73.90201176626597,10.212746667224037,106.33428632336145,36.10345848594685,0
76.21123810411726,10.17296749627348,106.33933497833628,14.276192217501904,0
5.436481172645342,10.185519381492302,106.18095999541893,10.910454845702212,0
44.953513755176544,10.493824781868028,106.29683039560427,16.377513602996363,0
75.10318988570836,10.020054595706242,106.00506559201388,12.833530771648839,0
60.376351029610525,10.433515748061224,106.31804802320477,11.530719214783396,0
102.77878094259867,10.289337704286197,106.45664347378812,21.81769130053626,0
79.0432357942734,10.219307709594796,106.3062867341724,45.48408718029317,0
19.552131249771563,10.362628830207568,106.43684929673317,25.845922690197195,0
8.468249688051582,10.243334470712352,106.36198652773305,10.208098659950828,0
77.09031338475788,10.43671161904083,106.06027920820185,4.77161179966283,1
3.1813572649946176,10.450350932005628,106.45122665364292,35.111651111758334,0
70.2930697528156,10.210860463436727,106.03322192217789,19.757139457383005,0
112.82762897099491,10.138413898617525,106.26698373627389,41.2697163826826,0
69.05690134510547,10.296175164296681,106.07106856189672,33.31602766339774,0
46.58039114478263,10.456181672808345,106.00585330536545,40.01583107652706,0
77.19458621308237,10.105331094502834,106.21101713006382,14.325355931503989,0
54.990346858981994,10.311483291781741,106.14752035382708,34.92558720059185,0
65.4740147179122,10.31578011004626,106.2430002468988,13.93903724999222,0
112.97577705318302,10.36655651120764,106.28859994336727,47.014355493064286,0
46.33231653609291,10.06578384256363,106.02186953615447,32.18233979513535,0
115.34286765886971,10.357912482341044,106.06150164756187,16.901078208591763,0
108.64207703472765,10.45451626033282,106.27932119822522,14.20608125232136,0
23.494936174715573,10.089841554435122,106.17158367658632,10.355402668510532,0
8.323356105019855,10.118771662461938,106.36458674377472,35.037406985792664,0
12.093360165291198,10.48569754702082,106.32614582429596,11.717065036898438,0
2.1866190781859673,10.090488476354745,106.42280218149496,30.169860030446962,0
11.333155290711407,10.42719254668479,106.34624641333461,13.96711631934251,0
81.96081280996282,10.246138928224017,106.21496553869507,33.43647829489956,0
8.54263781522748,10.123615537201589,106.33648331119721,40.932046698486424,0
38.27707563525136,10.435374950636255,106.13769058712771,39.123236914088004,0
101.38503731633455,10.222652627501333,106.15315674938911,38.2817152156083,0
2.792632288299104,10.257408676964845,106.3944925799604,10.198397878920352,0
97.7362179106723,10.179616684699884,106.2232097582008,5.330862402241417,1
33.82257297280799,10.296475425717464,106.39919017025917,35.24849259588189,0
14.17977931459875,10.081761936292512,106.41121118683414,19.049013475923214,0
83.60845984369807,10.19554076832588,106.42878116883064,22.184965093764017,0
75.47314161358608,10.484706161167644,106.4583176179206,2.526305546876162,1
105.29664162324636,10.129066716350565,106.21549261025665,13.71924601447741,0
88.20852525646629,10.328368332270646,106.15943340916057,2.650143789848737,1
96.41771164618183,10.162595032112348,106.29109937329706,44.080102857461135,0
33.84414870855678,10.3867365628433,106.18558621171881,12.926437477707994,0
21.29274525356674,10.065436830359175,106.30053708340012,28.309521309077393,0
90.073770196903,10.484910522539272,106.35279293132191,2.90998671239539,1
96.82016871207168,10.22689477069182,106.34420250924607,33.67552217397724,0
118.8606170400808,10.118025231673233,106.18727644351006,16.8283399419506,0
49.51412122937118,10.036748373665006,106.08343010084937,44.998040160925626,0
44.64217029513398,10.08487895254377,106.2152646692311,44.517791257767755,0
93.16955528903962,10.25988697427801,106.07129707204095,16.93924029972564,0
40.89642483036214,10.168501588215642,106.4450485175919,45.147083888832924,0
111.69087907242776,10.414441682941305,106.17293873036893,49.811726001440164,0
103.00953022116141,10.215443761830903,106.07722987361166,41.445367542073456,0
51.479283285002204,10.124357136293815,106.01272387995287,42.39869604000622,0
90.10452813497969,10.308572493302014,106.32291119314324,13.201428069345406,0
90.54514489016188,10.353388608442723,106.31845115872737,29.25841754403006,0
12.374864260311913,10.083520953950474,106.17030208329065,4.295539784401025,0
108.306348801548,10.08380960814416,106.03585594442383,5.650978904261816,1
60.63028469374286,10.018335713466772,106.20481444744762,49.94573798963124,0
99.17489593292899,10.36820100753282,106.1556087475317,17.005323221869634,0
38.40595212367341,10.331902263810903,106.33856031986751,37.66101169039347,0
107.46278741954406,10.237315437874907,106.30288962472635,40.52658759831401,0
46.704201448099575,10.422085224484599,106.18229686409877,43.04314027935423,0
1.3005181776358032,10.402835076475027,106.1089462771275,49.88378657270567,0
108.64583717031164,10.292677182198377,106.4940179830778,12.833327777586524,0
10.954401214336027,10.43413564025663,106.22700081059806,2.977190516125286,0
38.31763651084978,10.102920605018385,106.34413711789011,21.14838438173471,0
114.00743604609659,10.055959809698864,106.07027648378919,7.373952821618401,1
114.07285763250673,10.134874805758495,106.24279484982969,2.098868568940701,1
68.81254657479434,10.028543428044657,106.01376835993473,18.660914529932818,0
75.82046546037591,10.265584764000517,106.25272755895523,39.40317430268659,0
53.81346263739837,10.46830284614748,106.48200870355885,28.742853870028473,0
35.18529260376774,10.019671770334256,106.1921033564929,16.326121471307346,0
39.439745444389914,10.061054957005013,106.01949800628745,33.062758269143266,0
80.70221472924462,10.226099514141717,106.01547789545967,12.368890835131726,0
90.2849435325216,10.466937508763952,106.19399337997343,1.7046908575321662,1
94.98948524710183,10.158078052488376,106.0800124682316,38.45331593538494,0
94.75417713534647,10.253617404344196,106.01167604816409,31.563411158336447,0
10.944732365842844,10.020786429525195,106.37810680697508,38.35282860054704,0
59.33043656430978,10.074171600481044,106.22926150444094,2.9079628176956147,1
6.907051201997314,10.493315061479423,106.14462238598632,42.018861763701956,0
65.94346587884826,10.482559348218023,106.45004159150824,31.356783801778864,0
52.983660164805244,10.002469990467205,106.05806948010026,28.606372184919366,0
106.52450193099597,10.47590589271162,106.47795941447767,31.606088357612048,0
42.10980150624944,10.31955996890775,106.15698335868868,43.357229096549844,0
14.048041971312703,10.433959147260012,106.44420183615433,29.759888821386447,0
17.159001846340303,10.22736992781693,106.30147143823973,29.46656861452079,0
91.38127580609667,10.257798014289625,106.41335367987074,49.54327869622252,0
74.18616759795133,10.24442329012846,106.49200658160524,38.07977818635983,0
12.134721134734828,10.333432128773053,106.14420271890937,22.672396467105628,0
10.092816733799692,10.069825627378156,106.4805677427038,35.66245300161346,0
84.1162957750944,10.01498679493634,106.19474094745121,20.072293112897636,0
8.731560763703223,10.153964970795595,106.19275595236846,12.21489766169145,0
98.62320711484274,10.352340381368323,106.17019355212726,30.245741967500212,0
84.74906725877955,10.100926726061473,106.2707038036738,46.480922807583624,0
9.761853677027972,10.33671621666246,106.07707252158924,46.52783648075767,0
10.18052569022303,10.484956023053636,106.276855742679,17.753358627169025,0
118.39674942014105,10.046950357894708,106.27085240620501,26.856195844863056,0
44.912495490734436,10.336301059112563,106.38095090630243,11.3701590299232,0
44.47705764802691,10.221875109652286,106.4168249809688,49.78592436544529,0
97.5359480709003,10.434071127188753,106.22022067515621,49.07477748552885,0
113.66982928606305,10.088574894723694,106.15116662467575,32.82593755566492,0
118.32012765874451,10.346312976113083,106.12966744865855,40.416288924196195,0
90.40538223107299,10.419057644824056,106.09731191835243,36.0399079029013,0
45.151150263709894,10.472307109737011,106.02882379109951,30.06475273293394,0
10.020086003840252,10.341624014144823,106.17122398941736,3.614051852455987,0
93.25762991129241,10.248587382004214,106.1351238460654,23.283452785080392,0
67.00850996829661,10.308923620100607,106.4832086929332,34.064528806203114,0
50.90664110963716,10.434452492239359,106.27885441312502,34.19904908030055,0
108.76252621136831,10.285304873319415,106.17363851951525,19.283008302696796,0
13.343697876738162,10.015193529848418,106.29023380049685,47.1429073462435,0
59.1150125149031,10.465474347753489,106.06959835067285,9.20049457960227,1
1.3624373720902883,10.34476337551578,106.2220218746011,25.51761286456247,0
56.23927703929515,10.338256692888624,106.31311716071053,34.853314850990316,0
6.756393081820482,10.10783757619886,106.24444891589623,35.15965448869865,0
14.25814995216863,10.329442735116329,106.20088940032716,32.783308881671964,0
14.103149613252587,10.19693220282708,106.49692419444985,14.489122459141148,0
77.90523625392763,10.325616488520746,106.44015738107446,8.654121865644477,1
89.5253855118508,10.053296515153995,106.31170297907973,32.161076014508836,0
70.00425181165916,10.328922652301518,106.28468868059115,30.36580369083245,0
115.46070581694504,10.499706862885333,106.31033023991229,9.788444504172809,1
44.98446954284449,10.024106019430278,106.10065605391122,35.55181813295761,0
34.285450353823286,10.48858709211066,106.19756887163216,23.303427594949163,0
104.23189538273523,10.203453980361436,106.01972976644545,33.720268988554494,0
26.831500622334318,10.435376725168629,106.23777301874341,42.03098690873738,0
115.58670473287336,10.391192742029137,106.27151229197884,9.316693000269234,1
1.458536962777961,10.283508130493335,106.11387486805161,1.9380985318449973,0
116.38545920491669,10.369224604625662,106.48201442358275,39.17602673339355,0
5.179189434069134,10.439257780650674,106.45472730546862,30.875173832478183,0
106.93717364376853,10.202070160825517,106.36107161772796,35.28233891148396,0
63.324133090355986,10.16351658078162,106.26669331438268,42.06959377444348,0
119.15577553431604,10.333796692781792,106.43498457982385,40.337735806400524,0
8.855587768247863,10.40392297097063,106.06532617191174,48.08508719951241,0
66.46251412815849,10.381142567388308,106.39525489713745,27.260818863753794,0
116.31630427429188,10.398906824429318,106.06241040698342,24.936286000335365,0
62.77174130041786,10.217791657406467,106.3971053312747,20.692472794645774,0
75.52783657623151,10.408917108087511,106.13788378412568,8.530861099366023,1
83.48984267815406,10.060104527685304,106.4385452905091,29.057754411219097,0
54.54492777213279,10.272244548980424,106.4720210469127,14.57361369197296,0
75.3069696100876,10.00287933024906,106.07439798470256,46.144068098435795,0
70.11771743077203,10.162292914950136,106.23133780253269,29.57634940957778,0
108.13896125891868,10.183230767435699,106.49049368908135,30.049168844897398,0
5.4535656409749445,10.198086345804628,106.24170371798657,18.39130838297349,0
33.715582751067636,10.347733603344931,106.43177376125728,3.5474782469076667,0
114.04937808918704,10.194279050635172,106.29436576106566,2.5554445032764423,1
106.83165406690996,10.224346811311266,106.1876649539598,21.743422063506678,0
54.67881033428555,10.118772065437163,106.14289177776294,5.1437035267646545,1
74.41591173618441,10.18662589581467,106.10161154554304,30.735500821466818,0
33.28574195773592,10.113634813631576,106.38089909568885,44.16767727634321,0
22.57453916685136,10.036597961884222,106.19327025341151,44.26282600941739,0
55.64380859279786,10.301724296690688,106.25563773110038,33.29322509647939,0
42.40226736312634,10.334106399277507,106.24616274000059,11.35035974217362,0
70.03873342210466,10.309745173004806,106.28863951461656,43.28684473658473,0
9.328156435798181,10.231747021900286,106.43278857281227,44.4185783303472,0
116.92737691993997,10.189892890089615,106.49036967179171,10.636025662694976,0
118.34528933755234,10.431666824785912,106.2037921042869,37.133878202763185,0
83.77940568236941,10.25954089256811,106.41375946105315,15.039457897429024,0
64.33156396129445,10.239590938814866,106.38226389732736,40.32937530529355,0
37.14331395435933,10.012821032903219,106.2867644757278,49.864657095276534,0
97.65540236483385,10.170623913813078,106.47802357180596,2.471274261140248,1
82.16774070646551,10.19009780939293,106.1002372577642,44.97092742375566,0
19.514032721386954,10.19941139044845,106.05463210515481,31.508896146334244,0
109.31126213926109,10.290086184613665,106.4269809834777,48.69574833907624,0
98.70446915078028,10.26680127336344,106.21957490831687,23.785466358794952,0
113.97598959503088,10.303952546396722,106.42348442710353,42.52200859799731,0
87.08634100660319,10.382441630771064,106.44654510259771,4.057309361315584,1
73.60982351229478,10.406492869358047,106.03122879680953,17.428673453836492,0
50.189164354874265,10.359061538113247,106.44173238149303,4.283810349809288,1
111.92741800248159,10.477761847977467,106.2241595276847,48.79181354047446,0
103.927666740049,10.00911629133818,106.25521624450212,41.03172145632,0
5.426240412742729,10.097888992841773,106.3132962555466,42.774823641052556,0
3.1640369396702406,10.00378143748907,106.46319130336504,46.96029634026082,0
45.17560402536595,10.323737357077302,106.00955804721488,5.1700708198694825,1
97.26639969381995,10.449015274474993,106.2384217341589,19.894282033153335,0
118.47313551779334,10.12174114828815,106.34386102121528,4.480709563156104,1
18.050026932423382,10.463517272398153,106.36135347884911,11.328861975951401,0
71.29568584225622,10.03013369514478,106.34626621576855,12.238923074845946,0
45.706902795722584,10.467218013402757,106.06721756470407,23.986253341331356,0
116.38972773775238,10.175811343619817,106.14969779418584,14.159546205228487,0
101.05427077628504,10.050710414224609,106.1793577627085,5.947927234070294,1
100.59944456533654,10.242935879593162,106.40221860383976,9.207063365611278,1
56.243179175396435,10.128388283860254,106.13937993620728,8.216502614052455,1
49.77834028051982,10.142436450980961,106.10535248193361,48.68076309770262,0
32.80884863168475,10.153644982463144,106.47872400951904,38.20533283900521,0
6.765059598111254,10.401512948916332,106.00443164255674,48.42031179820854,0
103.76668515060639,10.269580638337628,106.49891042784098,22.54728383888752,0
97.5481210956093,10.155653849578002,106.3384106494287,14.640055601470173,0
119.96612079433567,10.305166891655459,106.41423464972456,40.11636666325015,0
119.59642044886864,10.358075337111597,106.1473096981731,16.986441984016192,0
66.6518046723153,10.136312000366766,106.00715763883353,15.669785311562066,0
92.27848982166125,10.206774550762676,106.36893475928076,12.392793618183727,0
113.37188758589136,10.060943046668473,106.41707229850034,7.354269932987532,1
101.95768688128938,10.09057467476734,106.37023806597676,13.566689989821533,0
29.68177220918372,10.340558926982492,106.07142514365042,18.4106676752205,0
54.06529623721122,10.090719173847813,106.37671396112849,34.02571619914079,0
15.499129818179398,10.26258169183353,106.38446139105382,4.065677268753127,0
114.48612327104668,10.354523130861216,106.32927025783503,11.314840043601805,0
72.7409561341056,10.053438461547373,106.3830579663978,40.642158374292144,0
27.437136660415526,10.283656109814451,106.42296071983887,8.199174255604767,0
80.60408212870281,10.128281391850681,106.30680205711873,17.789612179603555,0
74.1753888549475,10.48146343761879,106.04430235698484,43.36828717104886,0
42.97952616394086,10.241772823359963,106.2438139048336,8.59134024602869,1
13.626911063955482,10.40299627488758,106.0388246673358,5.054104945291305,0
80.58878347113595,10.275113271078132,106.20377151551621,24.74236175892053,0
62.436924108455194,10.02170626642741,106.20355324456281,15.818556052648283,0
92.67820700827671,10.31657568779701,106.03300492207012,28.607009859708853,0
62.41962013343921,10.475701671103328,106.17441026698474,40.38643963369028,0
102.26178003822481,10.300805910073166,106.05549904939566,7.720275919484415,1
66.22882065293827,10.409594429713396,106.40411760500461,29.454255143159966,0
67.31255658424635,10.442103231674205,106.47384401298224,25.769929259103332,0
105.1984323190014,10.114039885974467,106.03615823762897,8.059860514646779,1
48.41794394548764,10.106022419954114,106.47755760364585,31.575925790920138,0
16.081827414076887,10.305490494425495,106.26128829966838,14.408380475177811,0
3.4539211576006768,10.205514234903353,106.14978283897693,24.90388160865661,0
90.61647068083428,10.41993065143336,106.03843103763808,5.031343889576032,1
74.43714616241576,10.450011561699005,106.25031213403521,23.51961880346753,0
84.48957217190683,10.176710689651358,106.39725777224537,16.016709934098195,0
25.55569938106929,10.11843527948724,106.35354323863335,41.296679348082364,0
16.364577070412373,10.390262757621931,106.02511300573198,3.7919576228710454,0
1.7453598801458314,10.137403017774067,106.03645091768395,21.51175647099817,0
42.07050705679164,10.41130715925684,106.20143664131632,23.46313978244046,0
70.79012242255597,10.211869126824382,106.14764524702397,36.52529773865682,0
47.069285411967876,10.333774949645735,106.11619216152802,29.140091179420338,0
52.496990642847486,10.047767656917333,106.14050224945436,33.69340452251487,0
108.49904333924981,10.311929662338287,106.40174137164844,39.07541499693605,0
41.790656042796044,10.225883839368615,106.46461402681592,43.24794570925125,0
61.678738699177295,10.293304231587737,106.20255134726378,16.379899339401057,0
94.03836152893717,10.084007103872432,106.45305550106625,27.363112562831244,0
47.58513387855242,10.368436872472092,106.16074785062393,42.165295843520795,0
74.65040402734482,10.431398538771614,106.2382184931719,49.48310541728777,0
103.48364504960942,10.108369900045387,106.113014498908,44.586446241144394,0
113.94247483891705,10.04785727776008,106.32023802108792,19.201895868594463,0
17.648817711484554,10.011819293023168,106.4894905575874,10.56315934371387,0
111.19051501937933,10.320985750221633,106.30174654802168,24.980234332922848,0
59.05395516954458,10.30354701804439,106.17890704205678,37.34043113996607,0
30.989326595875003,10.273348706357035,106.32390872299527,25.13588446691158,0
55.09629074859136,10.115973548057987,106.0614603392327,24.675862302369758,0
117.60390903425724,10.195452997952758,106.4443295401327,42.07329063300823,0
59.11417127914435,10.297238167593086,106.25154197538991,18.70878517429213,0
39.450193234500986,10.248383429429584,106.22467487101981,43.129939065770635,0
76.00810251800709,10.493892760107444,106.29293239422675,20.933435246634453,0
28.817474253383168,10.068219876278366,106.3123919313947,17.08342217823863,0
9.103599373039671,10.347572277023797,106.03588790311326,23.24550564878525,0
15.465566629277907,10.202159384052147,106.3413086106117,38.359900975068555,0
15.365500674932694,10.214099807462807,106.12096584015777,7.17409936533572,0
18.22832322147532,10.358798882829088,106.3569763162533,10.624541577728852,0
16.659260717929214,10.346218075662184,106.41126739719209,47.62079645749151,0
76.90496937638575,10.495627996851095,106.40197925377626,9.59908974168651,1
21.825610127897377,10.064197144727062,106.27625048370395,28.818638578621673,0
41.48007399886359,10.052054824692084,106.26008494615537,29.386408866434955,0
107.61460918872142,10.362169408564371,106.0714379806697,24.991598640461994,0
56.875396831544684,10.289193458503204,106.38767307520156,32.59251718026411,0
80.10692862252326,10.137080333279902,106.13570469022336,12.261509564083303,0
20.67838454419558,10.039709684494493,106.24834771140897,28.080451121060662,0
23.074682257040493,10.042829124798216,106.14213704646376,19.23648950709796,0
4.904233951977464,10.44709543733206,106.06691418149984,33.42169572183026,0
20.272207568659745,10.095933662359371,106.31477884844587,7.9199536252843235,0
33.43084068383504,10.161685781057761,106.02716601741145,28.972993425134337,0
21.241258113209618,10.113328201113495,106.3743226170631,10.078247413782861,0
10.644304050846674,10.177498152915968,106.15879339763056,14.653510092636783,0
14.476304532072097,10.034711921373047,106.00006734650225,11.716780215855579,0
55.29345216392709,10.259529895454135,106.25556456961861,9.959051213572039,1
24.7600462086951,10.033806281796107,106.0234259542638,41.45983662647268,0
43.71238332576905,10.40017825391118,106.13808477891045,14.999670815383627,0
60.41007250258283,10.116856040955216,106.35348824372785,46.429065311358016,0
82.84737943552383,10.270005957302255,106.03134481081094,48.526399741914354,0
4.717456780931872,10.44003954378073,106.419669246178,28.99176302691777,0
95.92924786908512,10.325438684523597,106.00190996132929,8.007055010620594,1
75.34804673890893,10.266478893275668,106.12341193460095,19.352863925599483,0
9.811083833864629,10.162166876557688,106.37045202807603,40.088880904062485,0
104.82943489281327,10.166500956529099,106.15813507486466,19.00214570615645,0
110.50468806381758,10.334743477599096,106.050946194033,5.263843696836648,1
7.32935518258365,10.497069680610585,106.18011695940021,28.282460635481208,0
33.22531777766444,10.330919594924689,106.13519664319226,42.410921723305705,0
96.74415357516736,10.278891708685013,106.42135595108027,40.00039297003162,0
89.791162846039,10.365325255119624,106.15667395879257,9.581033866387308,1
22.14252232276528,10.232602806141859,106.394466235888,33.96546610621087,0
25.121918800405236,10.030071171300392,106.44593607240537,11.804708908346708,0
44.45665233496584,10.281148407938955,106.21690870978827,11.69216919305644,0
58.14275822292256,10.47881264225269,106.4549715719272,43.82951689195407,0
74.19057258363551,10.08765147117883,106.1886590269816,13.233778684271277,0
44.26963674837269,10.345002445410334,106.48203920824506,13.899119979382547,0
55.504165935977746,10.100466844329528,106.04464476226279,1.0320161473036782,1
89.69651257605078,10.26791384223654,106.34350963325163,43.662782672150364,0
4.401984346871748,10.04833822482336,106.24690702022846,39.8371458472476,0
30.29243332128249,10.225185468129093,106.19382440272783,31.739117819443223,0
85.60195030614629,10.378081664447624,106.3163559393743,37.76302243300327,0
107.42482052246392,10.173785762119492,106.35192854581716,8.450379803800098,1
61.40129305387993,10.33245586224361,106.00218163482515,23.457856134791196,0
63.85361823183788,10.397724980394864,106.0834765443736,18.209749980090262,0
12.860641360773126,10.463588909739727,106.35652302531716,5.595049786593808,0
53.689484018814554,10.117321040927727,106.3331927067891,24.82039377553128,0
63.91407197460278,10.199657957904654,106.48302375256434,46.116242866789136,0
29.09646043616756,10.076208006665208,106.38051889512539,2.9628968334840295,0
32.309187713925716,10.496241751079188,106.47538635386567,15.2815847611959,0
45.27409957255472,10.463500483962148,106.3512702507674,11.16950587407947,0
2.408543733327164,10.26997856514028,106.14902610431972,12.66918602961912,0
38.6494998699814,10.42101664718821,106.05268246112543,45.51329304208939,0
25.37376083958536,10.260478988636022,106.39091193167246,23.935383657480216,0
39.29968226134976,10.31179284400138,106.32207461073796,23.84867123405112,0
14.371455818310146,10.044562216058008,106.02409300619665,38.268206480308834,0
106.86327368878739,10.377635210248403,106.18002523295048,8.570117996241365,1
71.23109442648584,10.063856741817617,106.47839990774214,24.87600235090249,0
81.49227829733876,10.413033815126264,106.2502005728551,22.069275491931926,0
94.7005486328806,10.391014043835193,106.21636456800985,30.24862383678615,0
59.813063871486875,10.354372348871488,106.22884980257965,49.97832745927149,0
10.430434570490842,10.018080190262381,106.10444136200258,38.702995810020305,0
64.45278501822574,10.151564177972665,106.1843535854324,20.495419447853934,0
70.42093416250549,10.13155628495542,106.18490662799358,41.550099561428304,0
89.4527369021196,10.18006820373576,106.02617751009373,9.364709802311529,1
51.79914554756153,10.043821373381919,106.38378381425896,2.492720629139046,1
15.309636335467651,10.46847891151553,106.20825221595194,11.01797025074938,0
34.05310869584694,10.276901120356188,106.41108994340821,17.680166249598724,0
43.56987556783621,10.152762155329011,106.42517400055995,26.018457115518434,0
77.51006895979215,10.198490758537142,106.10599702734933,31.14132788651879,0
68.49339656026943,10.223601270252418,106.32867674108506,45.61968014350666,0
42.73160710774155,10.30029716668031,106.23614090208149,25.982846467972426,0
118.38182985515756,10.257839713848249,106.44007836896074,25.56250658666074,0
72.69297832282646,10.459695986607208,106.10787033958823,3.4619074813261244,1
28.467215008319336,10.248481741452915,106.33890660015503,2.710666080154967,0
12.213896714448449,10.496079007411657,106.30387606112636,28.00683813390223,0
18.343096702119844,10.425712478872548,106.14765073878591,22.47075204916888,0
29.514927406140977,10.104255257178668,106.06830045182559,42.11983935403463,0
19.28176479114668,10.465297607321958,106.32581988023864,8.873299650880414,0
22.38804288615669,10.058183198942737,106.36929872906616,2.22361144373543,0
34.21142024326165,10.408724854245596,106.15781367188167,23.002899628576166,0
20.80483143537058,10.19031164673829,106.32241630201116,12.636449280860617,0
107.61185095517102,10.438987160222535,106.19756545380575,3.4311042936030347,1
9.628049479397065,10.434028345053726,106.35660344164131,36.50531605553382,0
62.94136674843056,10.402962700058811,106.09960763744702,6.468056997905126,1
49.247619238759384,10.395015218153532,106.44510750131809,30.80765550038081,0
117.88543402903277,10.15233956954902,106.14370479823279,14.77143775817757,0
13.444668260166281,10.040459641525626,106.18389299387808,9.501306467396079,0
47.742671885488996,10.201490089382581,106.02904597604018,19.607824623046557,0
116.33645199304426,10.086762257493254,106.05575610616064,40.27084303492473,0
103.86085510727763,10.34747554445123,106.25793095135616,20.212585268324062,0
98.04864851391359,10.173049863268893,106.13379633836398,37.78771281134173,0
30.94833924539278,10.487805100429958,106.4177401128711,7.148828543158384,0
20.506510486807898,10.320486038672666,106.00734669432748,38.86579956358888,0
80.23718639093173,10.41124028181718,106.18954702433597,12.609732920425783,0
111.5251186953103,10.066262336370924,106.16867277338454,34.19226336455477,0
66.81154716167157,10.431007241136312,106.0096638154588,28.72329618720882,0
68.59352273638798,10.461378595256697,106.06218419950025,46.52809114337268,0
33.5974912392341,10.243530959409467,106.20682133745932,19.97880338079039,0
92.33915198303242,10.303126468875488,106.24643229222373,4.242094252887582,1
22.445249826902803,10.382404900451498,106.20214487362743,1.9386187920113924,0
38.84150836850924,10.087419313630207,106.26546883920605,41.5160694876649,0
51.052372633970016,10.25128303823172,106.29756583745284,26.712046245410175,0
60.9132454421346,10.199331513886156,106.00496191056392,38.986958539912514,0
29.08916788980963,10.073186996081125,106.23204757972675,12.48685440056422,0
13.780418968704424,10.183767211145765,106.4817496204438,17.909103530148453,0
73.2744050929959,10.034086154692746,106.25951614006478,2.4750897383546278,1
34.63566638883069,10.012905953474743,106.33877113372948,48.1131239041315,0
69.74858657071347,10.067583144577412,106.15593192895844,33.72552742833986,0
18.523525832904276,10.481557555794588,106.38699568907639,46.727049300206005,0
57.736812222578095,10.27476476794751,106.38646074093806,14.009323964024544,0
63.91073190619031,10.48291108057661,106.26064802382707,30.96171695005738,0
6.218824418691229,10.216248939165066,106.4880069116396,34.24649844633925,0
40.39251338327047,10.15590806654263,106.06277510738133,16.559935312621832,0
16.12976123267691,10.253070931420122,106.00847383244479,42.55735251576587,0
7.604996456732129,10.219755844316454,106.38507910587855,47.41091168211214,0
118.79522788679343,10.052832342130872,106.40357776868244,44.35790076710421,0
38.68246139696676,10.320413157345103,106.06010361456029,37.21428182102925,0
97.18493350255618,10.1080190912548,106.13279141647931,14.595769306522747,0
30.556878571651662,10.309793977448916,106.00877618168332,14.799186063175956,0
81.78032666687152,10.325100546199076,106.14665430539029,48.204655701855856,0
91.22734318676238,10.076012426564324,106.38657093695933,1.5039403008489094,1
71.47664887294131,10.030674813555335,106.25898026385629,36.086448688865076,0
56.589142626019004,10.39038079303422,106.17404779658415,35.60606196520785,0
49.42090969767222,10.22990021188466,106.18586964745316,31.511787506540074,0
41.86419198515944,10.029081897752738,106.00067681285773,49.51533345825642,0
111.5434973097391,10.497433158584883,106.14990026378261,16.282092352422538,0
99.6743289345275,10.028890280498183,106.32322937081896,17.65862132586916,0
115.80322927998151,10.347517614429277,106.48709722190817,4.868030744381222,1
14.915666818265368,10.491839462631706,106.42353041349195,22.697108690643134,0
87.70409702443732,10.119590052107963,106.01179748232276,13.791377785507557,0
112.60085481852454,10.071124684343598,106.44928030233741,17.825948406704565,0
21.747967939879217,10.060692469711215,106.39159920664932,41.89401772252575,0
7.979552084013299,10.151637573783798,106.3901880617855,46.83874116284729,0
88.93447791480709,10.050522905505323,106.22899787950179,10.100920528254095,0
68.93677358158942,10.346080670847066,106.19900264647725,19.25293764611983,0
101.01945321099265,10.03114589906503,106.1514578644166,46.502897543654306,0
16.77268519515474,10.254711064074895,106.03284742947719,4.028614573771909,0
95.43207742318683,10.498348426926489,106.11411768174685,5.525665877457548,1
24.195278405729344,10.40698513475301,106.12330181748901,8.976758471105239,0
19.63871314388454,10.307609719115506,106.2420385348551,30.165428872216864,0
19.711895751719155,10.153126810393307,106.37372220329834,8.373141279293876,0
97.74896642776585,10.311947918145819,106.23690491419897,48.43574269108594,0
79.82366648354402,10.263520731955825,106.02892222472359,22.889011835667496,0
62.76785097229432,10.213041691945186,106.4788949004941,25.57438005715815,0
43.0596580948203,10.0653551883701,106.47136215954706,13.086272174464918,0
105.264064897573,10.443302107620234,106.39259477157421,24.077052369301942,0
47.093412890716245,10.22489232441066,106.49566395078212,33.433767999213565,0
97.99193273658925,10.097311255910382,106.27224116640014,37.8076797107481,0
52.69618902842621,10.183879675438645,106.4813841751266,37.93953605278574,0
45.233331530988906,10.207064876264463,106.03780252030838,29.316664522010328,0
55.52157428035277,10.413768947783437,106.18284037413069,45.31362897469901,0
36.16534489969705,10.366807190280701,106.11269063400339,41.05298451799936,0
89.71312562115014,10.38465244682067,106.09791654206714,38.09535762023265,0
60.3264468110975,10.005515632214324,106.07040147444634,3.7246705623425704,1
27.86552341761808,10.208076999089881,106.311206820783,1.3370201487628164,0
107.94894879294822,10.240672075817661,106.39066092787365,11.409916582578175,0
46.06694656478537,10.009596138411528,106.28914919971018,33.51265610175916,0
65.22634333367863,10.129906604372517,106.07348135479411,21.148676955244746,0
108.77665331574563,10.380144911561068,106.40556188496673,20.717906705666273,0
74.90855950967905,10.0685548528645,106.31797735358187,44.344757523251076,0
14.027764885003688,10.267655065726295,106.19408285306349,44.8825795584601,0
112.77985483361701,10.10760093600862,106.33706514776803,45.5495879386257,0
75.32496636857014,10.006060387321947,106.12995248962142,16.38002574923634,0
40.188673758850335,10.12060072879977,106.1725961042471,34.861734824223824,0
16.71264871960647,10.487936877455027,106.458742921566,14.310025882444112,0
95.28302271243551,10.400768555941495,106.1452522528357,10.33988182064804,0
74.40873071142163,10.479788322160516,106.23499413407897,10.046990410021092,0
64.01533103715859,10.24392702196318,106.44507056869801,17.763273422316107,0
107.26710996611492,10.054868099338751,106.35386067513376,22.067923369211265,0
94.63166534694369,10.273979744486846,106.03110161308236,41.71650938169835,0
18.20098556793014,10.22718866727998,106.07365152213949,6.874663580162893,0
37.40664813546579,10.422178541369808,106.00392079538595,37.01136652234982,0
29.818696777735887,10.049041290392122,106.31546089511458,27.041290795275962,0
89.27355510872124,10.244120568510889,106.22383671270521,15.109321791123632,0
4.023892168293526,10.075024332346992,106.06713742545114,25.148159642108403,0
68.38676218455798,10.16233796344503,106.47896706052839,15.69716141907411,0
91.49504228888287,10.3686785386939,106.26482986197281,30.208015806676993,0
105.21187641140993,10.238009064684384,106.12094664705644,22.258352219906968,0
41.0498098459089,10.187944142572885,106.25030178557735,9.055870924865058,1
98.55087656064154,10.197238139285018,106.33981016636756,6.71257065322914,1
13.275808434624867,10.229723384202993,106.03811960898678,27.78808842153438,0
101.57427500814218,10.392508271918528,106.13735190752395,45.21823863101907,0
15.29863947983789,10.446042344470117,106.40348274544199,17.85392664132659,0
47.67447486724407,10.477667343251964,106.22983243520133,36.917005253908535,0
95.67544389354643,10.393451693127648,106.27328857101615,33.27440639204858,0
17.990091281852855,10.157703447874006,106.21640800110474,46.64619080116457,0
27.51016742791698,10.344067353043272,106.0219499713215,41.2280698476579,0
86.67030820716795,10.218801562027696,106.08287488991007,28.763657686367686,0
86.40438438552893,10.127335311023026,106.22277081937095,33.19449441347126,0
76.93771594623567,10.420435789712961,106.10459273270396,45.02093686261771,0
83.273813336052,10.019213174481163,106.02498951432985,20.576420444759805,0
65.12693320171154,10.450880996067712,106.4218248320259,17.012940587031093,0
30.21588706883433,10.230738732312368,106.49059626458205,1.5297430981246207,0
41.483519220470335,10.31860073840414,106.39657143699837,41.501002635381745,0
21.79172601617108,10.32967696110289,106.42689246085233,40.24805431976488,0
109.0140673600354,10.447558870353268,106.12098856515853,6.118271386907418,1
70.00701537193446,10.318334841083603,106.4803134877566,29.266011675502313,0
48.10217001163679,10.306966792380031,106.09846285222672,23.73510321017748,0
55.44069643729592,10.033326020280345,106.47571490518092,6.816745679946462,1
113.67400075341784,10.259204010972603,106.49740964698297,49.047843125975454,0
18.402168373929623,10.07508450040852,106.35586140287302,11.520098485704416,0
70.34757984201566,10.368716884360742,106.49057186589592,4.294474824437496,1
60.70664146613592,10.256110960406337,106.28476988978355,30.14752159559357,0
73.37450825215774,10.340113889604176,106.12977089158805,37.2044671795186,0
2.173222058500861,10.020836450301193,106.21849794283281,2.589728856312161,0
104.65486907329817,10.042396008022902,106.29678046768939,33.27716429762408,0
111.85419389803349,10.358161694031342,106.03654078101351,27.08230192162127,0
67.81598203070507,10.036042167999337,106.31117163230863,6.0599854348773725,1
83.59809886522707,10.03562836388263,106.49058891838115,9.453669970371742,1
110.69992574127548,10.006054237617445,106.09505382489186,28.830740568487943,0
84.86863611760783,10.47825069914974,106.3962975581442,15.52152306215113,0
18.30468514971136,10.368754179729503,106.45394939688981,46.977470703914484,0
69.15460322001758,10.176625704251032,106.47185079641011,41.118271244718485,0
72.8058055659427,10.148267790643828,106.48006780220273,49.19479311916949,0
50.89568055628632,10.174851614872924,106.26072981936073,13.723871108570286,0
88.37330827496675,10.387326765590592,106.48865395399575,48.51645800710087,0
112.12404177228179,10.330685305535207,106.37865510356723,22.130459619786336,0
111.06822154881316,10.092597783933734,106.08083571811848,18.028420970373976,0
54.10072456849585,10.087054667667042,106.23845005323399,3.467126821498309,1
13.588565500890631,10.049197824856698,106.35916558768601,3.5854976351205283,0
118.18094387548015,10.33015135985067,106.12367015790954,34.90855154138608,0
100.6677703735121,10.382186331110868,106.32030759177444,23.438520727267367,0
14.95952174439202,10.132523214162502,106.33330023952331,12.09955967576918,0
110.50102591408468,10.010472480515457,106.08134987190428,31.0845450099364,0
104.38756344745539,10.041085833738213,106.28254265622638,13.390047794255448,0
62.26056685512865,10.483930017422516,106.3858134554893,29.303955962876707,0
70.95305228939151,10.14772238873871,106.24944783226798,18.601228602151828,0
47.88032446441563,10.384611573919067,106.00605155838805,41.35405910397913,0
6.57139665864376,10.312331784427132,106.00451923453964,41.214111877572186,0
40.22366899750811,10.190969819826448,106.178514671985,24.390169507997665,0
96.34241383176138,10.102843631097777,106.46309703421589,18.190136357415764,0
0.555842760552343,10.060693209079703,106.1143383898018,18.76543003139563,0
40.0199006029373,10.307506484019433,106.31718184443584,40.48001175774267,0
47.7802432309132,10.387316890318894,106.11103793534666,17.080794657082986,0
64.48747235255074,10.321952126770565,106.16083499482977,11.243909311635456,0
110.38267396953125,10.265151066624579,106.42402104480074,5.149728751890034,1
41.56151932391535,10.020975611715818,106.36443072113498,23.867962923336012,0
41.63438422754732,10.484244388797192,106.04769963865661,24.62447284707225,0
88.50014977316981,10.399357095827288,106.21435101049322,42.204526809742454,0
54.26615290677686,10.146411018350483,106.01458488182263,11.840696125857136,0
26.952578752797834,10.489985164679425,106.2404450733015,19.668572409751597,0
54.29274193592321,10.30094079481816,106.33121700585053,40.61188120579086,0
16.902842445575985,10.291211329103623,106.05925131179907,41.3575569266997,0
21.166438380746797,10.374036589714766,106.14444246945459,19.84594272295964,0
59.80413272873757,10.40588489404507,106.19891831275108,23.497077141047363,0
50.27105394054575,10.328239303665752,106.45976551232802,15.861008651614863,0
109.781508128172,10.0640478731831,106.49662750771148,46.69518904254629,0
43.48726789399598,10.169133752997249,106.02245564949781,6.813544521337435,1
69.67060203336521,10.464041820163025,106.38050396174769,46.75372172707203,0
75.87171455034364,10.112307805921926,106.18586203320118,34.50945613993182,0
1.5713347906000363,10.186083511918756,106.19622909311474,27.04703548164983,0
79.62448464200527,10.216038441472097,106.37713248667352,2.600293978440298,1
21.364316024370172,10.219702494847226,106.4592132160727,24.304213399278407,0
115.32843809633462,10.306469791247263,106.47546429725128,20.97965714513388,0
17.839527330373556,10.471537918872354,106.28856129301916,8.899721786781004,0
49.754894847242845,10.120346355916253,106.17856057965025,33.164070571532186,0
10.241960169437263,10.06075068815046,106.39377454292939,48.586394461046005,0
119.62491022151369,10.09873524492997,106.12550069163115,28.54725174216173,0
60.26340123974911,10.443462450104635,106.28203701441676,36.02291054575335,0
71.44620207840525,10.322905406327603,106.17928923076244,4.354072175734823,1
8.049177286611297,10.14295339461958,106.32831553685394,21.46568279503274,0
89.99525644790134,10.40797346948431,106.12019945644676,6.701565773060298,1
25.18867117147029,10.430684998181718,106.09579647286742,31.02699594128901,0
107.76651473288565,10.423257169345138,106.45911954333772,46.985625752493576,0
24.616756857840862,10.459463266819776,106.05090184147477,33.42710889111029,0
22.88252647963999,10.12612051008668,106.25297895386747,4.763349367406655,0
4.385960141771386,10.377520964373138,106.11042639148151,18.37864404426906,0
56.64803341319991,10.23026974863707,106.01946498166284,27.982505592601726,0
67.78093599151397,10.42099927644503,106.01800940914572,20.75718005052936,0
7.885036731402284,10.364245338580806,106.08761088605291,41.84855651328344,0
93.06331400340127,10.388223723249862,106.433385177253,40.91887923078947,0
54.39466016976331,10.328080918840536,106.14123937198852,30.97971998505785,0
62.926832319309604,10.088714384734853,106.47522958528765,19.299439311502557,0
52.89152963258738,10.272513459448469,106.29081114649459,13.511482314398963,0
48.09156730503912,10.492334869762255,106.21830709488438,6.187841592443337,1
67.15683975698614,10.468694033248559,106.29004441733473,18.38998649084115,0
18.628829511685502,10.021586867898506,106.25834919261314,21.245453343178255,0
21.831375659432535,10.082407407864718,106.37938812687867,34.115323330099606,0
103.41427452162208,10.06586438672728,106.14124803298643,33.2498313905811,0
113.53385545603592,10.362989954992647,106.17652519580015,4.435298842421591,1
44.79711795357035,10.408892664928473,106.44704715126663,20.36770645612673,0
32.48936077722645,10.106755683155336,106.4732282565752,9.907164493650734,0
77.27994518868189,10.252926346475915,106.44627911374323,8.683822560523478,1
49.04810053177157,10.4203515140056,106.20972399697865,41.53780533712505,0
3.0463626792413834,10.366400772383125,106.39018275150345,3.0538456190966192,0
18.738311683942843,10.271118602745924,106.23816786665056,21.539960919203946,0
85.91666746168771,10.295173845229387,106.24876992607305,9.241979132559392,1
79.07087302921816,10.25418027345814,106.10234005452864,44.08718056824523,0
3.251519100418019,10.14877422565941,106.29556515162926,28.29498515047672,0
26.636659431953934,10.282510996429508,106.09306794887668,12.337651182465553,0
27.728975590568567,10.344442651025044,106.1657823495336,25.618937071152445,0
80.6271292318474,10.436661457930404,106.42751510080997,36.842831625452675,0
2.3652645305236986,10.318145676989625,106.10353790460543,47.947782437052254,0
12.49302983814886,10.38056076852158,106.03557914258671,11.801854208025528,0
95.98993024478273,10.080035817477286,106.03450379630641,44.42290683433791,0
21.425359446520034,10.230778737209896,106.47039226025156,46.78090159420702,0
78.32953294222496,10.004665809913547,106.25346021898092,45.90460668207125,0
28.581933725607183,10.123339432260812,106.20470603590852,32.13530348623358,0
11.93296713112142,10.363230857556502,106.40543929050396,31.861212067300677,0
29.18066291993449,10.495904975674682,106.41791296395526,20.757321026007315,0
86.6720318226791,10.049589049793608,106.1660955165578,37.86749623288561,0
102.68357617275429,10.200747157930644,106.3468090287369,27.033406899195665,0
99.62638374803899,10.40003548434958,106.38556140792595,34.19446549018643,0
47.66202355421458,10.102017817314449,106.32732534343297,21.994437288590976,0
80.17021638847754,10.277542474651144,106.07579753740005,36.84332673811382,0
24.598115449898515,10.366535648014837,106.43794154175853,41.39910436262291,0
35.17772763132159,10.30799272513009,106.269547276368,8.175376573537989,0
107.56029822253437,10.094012367307709,106.141236213185,41.81355606313717,0
1.5602308212883242,10.17769228434287,106.21261409271885,27.474530057725055,0
10.26102370253617,10.3918958922427,106.01878554519945,42.38862954542099,0
24.94635061752328,10.277113257066008,106.0639334006112,22.133783610709717,0
3.183864464858366,10.002614806771456,106.38277337525793,19.572983783768716,0
21.772252210775676,10.380495380014047,106.00000581737768,45.837975893343895,0
69.96498731636306,10.01765567747012,106.20828291424115,13.307294109871664,0
50.570946071099755,10.372866891365616,106.26125509054279,42.36640393902101,0
107.12060532923698,10.101240280082619,106.02731721000049,24.7170080529608,0
98.0932274086129,10.47903674005969,106.48653908148617,26.190676685011727,0
41.01808220374512,10.183970375651043,106.11306266562484,16.114945792984717,0
31.130812011755097,10.16346580816904,106.15209935981814,29.079067830331766,0
45.56308898007203,10.074444025166223,106.15197125612751,16.935348617534352,0
70.83539310177693,10.152802107745108,106.11520833105868,2.9242012978409635,1
32.16763689874515,10.438325380914101,106.00073691104316,14.327931661873446,0
74.89786894189608,10.498167168813623,106.364672397044,1.3125731269229433,1
49.129398262948854,10.184154765253425,106.48342274989965,48.93938456578598,0
66.24566170223763,10.224305315477272,106.11214674164252,48.32161328116763,0
52.335183496238,10.361035469101369,106.33152359590171,20.362609576142948,0
35.33589114503012,10.443097890232536,106.37094816347935,36.69017186264265,0
113.81439683545881,10.296522167093393,106.42421268954526,17.944498822110823,0
91.6326952991713,10.195762849088915,106.2113145985068,33.883564697212826,0
16.813581091974307,10.206310920424311,106.15146545282022,40.46607210925298,0
104.21615710774954,10.347809073248403,106.16264756701152,47.3910559899198,0
58.49174378994164,10.00160913180214,106.35631066654926,20.610401516633928,0
107.34626722729097,10.30979466872992,106.40838973325282,39.38160116484634,0
95.98263071367782,10.177746505220679,106.0908069838783,14.03049408097382,0
51.02562053630801,10.397098665638541,106.18547050407888,49.52628288588877,0
2.696316998414088,10.046495319911566,106.45097009837457,2.262710339453206,0
32.24128312619353,10.294101133474195,106.40334675984737,30.57291151855493,0
64.99610575930403,10.240486444943063,106.49242920138124,33.31579310091503,0
76.01738637913768,10.321162762952614,106.37712412984104,34.71423229663231,0
30.946522251984273,10.032426797241484,106.19659760051397,6.898991360665361,0
16.722728888738896,10.289991893714065,106.29531891699732,46.98795939018339,0
100.1916284159159,10.280742293979761,106.33050712712367,9.877980673454058,1
118.12826168442625,10.280330047208086,106.03922790815857,31.514916758752214,0
63.0828218763223,10.301743833298227,106.27224847955193,11.911127877031163,0
20.60151430179642,10.338233968613181,106.3546604142363,16.053604434042274,0
32.67687918232427,10.402494499840385,106.08366065200053,27.776468544678092,0
2.206881185696008,10.134910360064108,106.39031585871278,21.442477509664247,0
109.71585678725988,10.41252470509003,106.29188639025706,8.851054447848808,1
14.130129946816936,10.249127841131727,106.4761108928488,9.375883718621566,0
69.18197706171043,10.038529139567165,106.02121114910345,21.489094619977184,0
32.88662648246472,10.029275464621989,106.13266306877773,38.106865935499535,0
66.5013603018952,10.167119159348031,106.30077693964991,45.00026769554164,0
78.1704466022237,10.392448488555734,106.14827995610297,5.122255450709759,1
99.56901644486419,10.353840467370459,106.35721208203562,20.262091470410653,0
24.770552611272386,10.394307482336202,106.37950264126097,5.912032622420955,0
1.3194994390176573,10.258634528220805,106.05125798203323,1.8130315509972963,0
16.426275608256873,10.220099498977746,106.25692723210338,33.42421544955388,0
108.00223702177261,10.073726263353143,106.25444527779553,30.5200226563628,0
104.86680930750182,10.164096376804656,106.18464038510777,8.987936576929425,1
71.68957226043699,10.217009683086937,106.46646243128484,12.45682882156014,0
72.0620232520384,10.044300214839808,106.4137531599366,2.1616799285814006,1
79.80440094555065,10.110305976355606,106.34860469095482,41.91241307902578,0
21.04455343481395,10.299112647031869,106.3571633178675,48.75983920637902,0
109.72943351099518,10.367831557119596,106.23085807190655,7.637517302939849,1
50.25246298704877,10.499173755696475,106.4604972605483,12.342285474499608,0
45.9766233899397,10.46655666567178,106.34729771362665,43.55206667339977,0
62.270124633940505,10.321282599767596,106.36449053082791,46.396726099853055,0
5.6359160130066055,10.210624026647036,106.43084545189367,21.561741757533706,0
19.95400425072953,10.318088682354116,106.13703579467109,3.4805011411846323,0
88.56403397116445,10.392825809040115,106.40353545193335,2.9301998509481506,1
9.935840151015176,10.059168095461693,106.09762030147824,29.12354343738151,0
72.37825313596659,10.204952444848145,106.17267097612245,20.251860335765773,0
29.441893161758514,10.419901142817809,106.16780522713492,2.403968951305071,0
46.71547368503718,10.191916475966522,106.48926273419457,29.57936722331528,0
34.643248412483985,10.285936135613593,106.42826861187396,1.553824292862101,0
42.6807259757939,10.293884680431098,106.35058493079514,39.58122594931437,0
86.28550862210946,10.09223812656682,106.3635283808077,16.015208312465205,0
35.654605874781005,10.181117720826144,106.28103639720129,2.972642147452373,0
67.96855683562767,10.167255644370966,106.47354533355426,29.829258828174513,0
57.12604826389196,10.013098354266033,106.24812937644118,20.48653630721968,0
79.64053984351777,10.012095881945678,106.19025885493495,48.71622025450033,0
112.41956871897096,10.415848521837887,106.08151766846579,27.665734462681407,0
87.90865166523004,10.136535404986406,106.39310282613053,14.486719870813406,0
25.79284543089081,10.259039383119408,106.36722196603779,35.762504367064764,0
3.7419762073541607,10.149362786794386,106.19217751926207,14.303108124592855,0
31.47168531597901,10.47033962255767,106.01259670697962,45.30792127897069,0
71.40935168403058,10.129648379432886,106.419498663859,19.361376554861444,0
6.171097618110042,10.214828406369467,106.00570899172703,27.943559576034055,0
59.56394966414836,10.4363651252423,106.35184988981453,3.478082087387214,1
71.6211418700267,10.420966783395905,106.48512855486302,21.879940659659308,0
40.1092668980353,10.093050708923139,106.2188306640741,41.785813443388754,0
92.50946444949864,10.401321654897854,106.11748670249797,40.47679146280375,0
12.791790376052617,10.229093443368946,106.35243550502169,11.991609383822786,0
9.016533808297051,10.241484436042677,106.40856407100779,12.077874479517572,0
87.3826507444324,10.066739986207972,106.27321515803892,41.0479602984486,0
59.458957944743815,10.040300756878562,106.48351763762807,46.58952258829695,0
82.60828757132832,10.363969653486883,106.02583436082898,5.6726851423771745,1
52.17928063244955,10.248230576177649,106.25239779915226,23.05287333188504,0
29.568243988692817,10.218425351307589,106.35922697366128,17.53525966924722,0
98.29227812090397,10.364754114326198,106.43132023557459,43.66373431741453,0
95.92990547627751,10.382756449495554,106.0896278059539,5.0927208193209195,1
83.36357650253122,10.079454083834676,106.40000174088183,11.345171185343833,0
32.657416467595525,10.305112574738821,106.27635353785928,37.87094854173822,0
70.82768002429046,10.067677041138843,106.19827684099498,3.5133986000795634,1
43.316867632803216,10.375687543014523,106.06585751428955,25.134233655000173,0
10.989848799196098,10.328477578133569,106.43264787945445,22.66324469930628,0
110.07762905546913,10.478307310541728,106.07863660408985,17.385657770448685,0
16.41823571027537,10.034479008178211,106.15489392960455,20.334043450627266,0
114.02848245849628,10.028527360575627,106.14502276598122,26.967088759581415,0
53.52069275495469,10.1410935373466,106.43570701709542,8.907000561030774,1
